{"cameraMode":{"drawMode":0,"name":"Shaded","section":"Shading Mode"},"sceneLighting":true,"audioPlay":false,"sceneViewState":{"m_AlwaysRefresh":false,"showFog":true,"showSkybox":true,"showFlares":true,"showImageEffects":true,"showParticleSystems":true,"showVisualEffectGraphs":true,"m_FxEnabled":true},"in2DMode":false,"pivot":{"x":-3.6198084354400636,"y":11.57239818572998,"z":337.1961975097656},"rotation":{"x":0.13636527955532075,"y":-0.01634948141872883,"z":0.0022503959480673076,"w":0.990524172782898},"size":12.12435531616211,"orthographic":false}